
INSERT INTO BookEdition(ISBN,title,author,publicationDate,genre) VALUES('85573',NULL,'Grady Borda',1954,'Non-Fiction');
INSERT INTO BookEdition(ISBN,title,author,publicationDate,genre) VALUES('41140',NULL,'Winnie Carlisle',1907,'Non-Fiction');
INSERT INTO BookEdition(ISBN,title,author,publicationDate,genre) VALUES('99048',NULL,'Cathy Cullen',2006,'Non-Fiction');
INSERT INTO BookEdition(ISBN,title,author,publicationDate,genre) VALUES('28985',NULL,'Cheryl Morris',1954,'Fantasy');
INSERT INTO BookEdition(ISBN,title,author,publicationDate,genre) VALUES('15307',NULL,'Dionne Buchanan',1914,'Comedy');
INSERT INTO BookEdition(ISBN,title,author,publicationDate,genre) VALUES('56076',NULL,'Andrew Hopkins',1992,'Non-Fiction');
INSERT INTO BookEdition(ISBN,title,author,publicationDate,genre) VALUES('50342',NULL,'Scott Jennette',1938,'History');
INSERT INTO BookEdition(ISBN,title,author,publicationDate,genre) VALUES('11660',NULL,'Karen Mills',2013,'Comedy');
INSERT INTO BookEdition(ISBN,title,author,publicationDate,genre) VALUES('17459',NULL,'Charlotte Longo',1936,'Fantasy');
INSERT INTO BookEdition(ISBN,title,author,publicationDate,genre) VALUES('57633',NULL,'Maria Walke',1986,'Thriller');
INSERT INTO BookEdition(ISBN,title,author,publicationDate,genre) VALUES('64824',NULL,'Stephen Rose',1952,'Thriller');
INSERT INTO BookEdition(ISBN,title,author,publicationDate,genre) VALUES('42745',NULL,'Debra Thompson',1957,'Non-Fiction');
INSERT INTO BookEdition(ISBN,title,author,publicationDate,genre) VALUES('97893',NULL,'Irene Deberry',1944,'Horror');
INSERT INTO BookEdition(ISBN,title,author,publicationDate,genre) VALUES('95727',NULL,'Vilma Valera',1938,'Fantasy');
INSERT INTO BookEdition(ISBN,title,author,publicationDate,genre) VALUES('12973',NULL,'Anita Creighton',2020,'Comedy');
INSERT INTO BookEdition(ISBN,title,author,publicationDate,genre) VALUES('89698',NULL,'Daniel Weinhold',1959,'Thriller');
INSERT INTO BookEdition(ISBN,title,author,publicationDate,genre) VALUES('22945',NULL,'Stephanie Knudson',1979,'Cooking');
INSERT INTO BookEdition(ISBN,title,author,publicationDate,genre) VALUES('57444',NULL,'Leroy Talerico',1986,'Cooking');
INSERT INTO BookEdition(ISBN,title,author,publicationDate,genre) VALUES('25458',NULL,'Derek Barry',2005,'Comedy');
INSERT INTO BookEdition(ISBN,title,author,publicationDate,genre) VALUES('69410',NULL,'Angie Coleman',1915,'Non-Fiction');
INSERT INTO BookEdition(ISBN,title,author,publicationDate,genre) VALUES('84765',NULL,'Donna Hembree',1959,'History');
INSERT INTO BookEdition(ISBN,title,author,publicationDate,genre) VALUES('80389',NULL,'Cecilia Greenleaf',1936,'Comedy');
INSERT INTO BookEdition(ISBN,title,author,publicationDate,genre) VALUES('65498',NULL,'Regina Brodeur',1978,'Thriller');
INSERT INTO BookEdition(ISBN,title,author,publicationDate,genre) VALUES('76780',NULL,'Fernando Waits',2020,'History');
INSERT INTO BookEdition(ISBN,title,author,publicationDate,genre) VALUES('53714',NULL,'Carolyn Jenkins',2008,'Non-Fiction');
INSERT INTO BookEdition(ISBN,title,author,publicationDate,genre) VALUES('31738',NULL,'Annie Watson',1918,'Non-Fiction');
INSERT INTO BookEdition(ISBN,title,author,publicationDate,genre) VALUES('28040',NULL,'Colleen Shay',1912,'Non-Fiction');
INSERT INTO BookEdition(ISBN,title,author,publicationDate,genre) VALUES('28916',NULL,'Arron Demarco',1996,'Cooking');
INSERT INTO BookEdition(ISBN,title,author,publicationDate,genre) VALUES('75305',NULL,'Clarence Rohr',1931,'Thriller');
INSERT INTO BookEdition(ISBN,title,author,publicationDate,genre) VALUES('24516',NULL,'Loretta Fike',1993,'Non-Fiction');
INSERT INTO BookEdition(ISBN,title,author,publicationDate,genre) VALUES('34612',NULL,'Jonathan Douglas',1962,'Cooking');
INSERT INTO BookEdition(ISBN,title,author,publicationDate,genre) VALUES('19776',NULL,'Sean Johnson',1925,'Fantasy');
INSERT INTO BookEdition(ISBN,title,author,publicationDate,genre) VALUES('49720',NULL,'Marvin Moore',2016,'Comedy');
INSERT INTO BookEdition(ISBN,title,author,publicationDate,genre) VALUES('28181',NULL,'Scott Bridges',1966,'History');
INSERT INTO BookEdition(ISBN,title,author,publicationDate,genre) VALUES('43230',NULL,'Juanita Jeske',1902,'Thriller');
INSERT INTO BookEdition(ISBN,title,author,publicationDate,genre) VALUES('52669',NULL,'Sharon Lopez',1948,'Comedy');
INSERT INTO BookEdition(ISBN,title,author,publicationDate,genre) VALUES('14991',NULL,'Jesus Kelsey',1905,'Comedy');
INSERT INTO BookEdition(ISBN,title,author,publicationDate,genre) VALUES('18047',NULL,'Michael Riley',1956,'Fantasy');
INSERT INTO BookEdition(ISBN,title,author,publicationDate,genre) VALUES('47544',NULL,'Delores Harrison',1906,'Cooking');
INSERT INTO BookEdition(ISBN,title,author,publicationDate,genre) VALUES('61469',NULL,'Helen Hyatt',2010,'Non-Fiction');
INSERT INTO BookEdition(ISBN,title,author,publicationDate,genre) VALUES('55866',NULL,'Charles Miller',1963,'Comedy');
INSERT INTO BookEdition(ISBN,title,author,publicationDate,genre) VALUES('86271',NULL,'Glenn Pickering',2007,'Cooking');
INSERT INTO BookEdition(ISBN,title,author,publicationDate,genre) VALUES('85652',NULL,'Charles Sanders',1948,'Thriller');
INSERT INTO BookEdition(ISBN,title,author,publicationDate,genre) VALUES('90715',NULL,'Angelina Williams',1994,'History');
INSERT INTO BookEdition(ISBN,title,author,publicationDate,genre) VALUES('80420',NULL,'Shirley Mattioli',2018,'Non-Fiction');
INSERT INTO BookEdition(ISBN,title,author,publicationDate,genre) VALUES('67753',NULL,'Kenneth Scott',1930,'Comedy');
INSERT INTO BookEdition(ISBN,title,author,publicationDate,genre) VALUES('37187',NULL,'Frankie Johnson',1951,'Non-Fiction');
INSERT INTO BookEdition(ISBN,title,author,publicationDate,genre) VALUES('28222',NULL,'Kelly Hills',1921,'Horror');
INSERT INTO BookEdition(ISBN,title,author,publicationDate,genre) VALUES('19439',NULL,'Ruth Schafer',1981,'Fantasy');
INSERT INTO BookEdition(ISBN,title,author,publicationDate,genre) VALUES('96700',NULL,'George Flowers',1912,'History');
INSERT INTO BookEdition(ISBN,title,author,publicationDate,genre) VALUES('20367',NULL,'Jay Butler',2005,'Thriller');
INSERT INTO BookEdition(ISBN,title,author,publicationDate,genre) VALUES('33330',NULL,'Jean Sanchez',1931,'Comedy');
INSERT INTO BookEdition(ISBN,title,author,publicationDate,genre) VALUES('38139',NULL,'Sharon Mcgrath',1972,'History');
INSERT INTO BookEdition(ISBN,title,author,publicationDate,genre) VALUES('43900',NULL,'Thomas Alesci',1938,'History');
INSERT INTO BookEdition(ISBN,title,author,publicationDate,genre) VALUES('37479',NULL,'John Johnson',1967,'History');
INSERT INTO BookEdition(ISBN,title,author,publicationDate,genre) VALUES('17686',NULL,'Oscar Quimby',1943,'Fantasy');
INSERT INTO BookEdition(ISBN,title,author,publicationDate,genre) VALUES('17538',NULL,'Dennis Tillman',1950,'History');
INSERT INTO BookEdition(ISBN,title,author,publicationDate,genre) VALUES('90409',NULL,'Michelle Burnett',1968,'Comedy');
INSERT INTO BookEdition(ISBN,title,author,publicationDate,genre) VALUES('98515',NULL,'William Smith',1923,'History');
INSERT INTO BookEdition(ISBN,title,author,publicationDate,genre) VALUES('15644',NULL,'William Philpot',1999,'Fantasy');
INSERT INTO BookEdition(ISBN,title,author,publicationDate,genre) VALUES('70867',NULL,'William Baker',1908,'Thriller');
INSERT INTO BookEdition(ISBN,title,author,publicationDate,genre) VALUES('78234',NULL,'Kenya Miller',1952,'Thriller');
INSERT INTO BookEdition(ISBN,title,author,publicationDate,genre) VALUES('37118',NULL,'Patricia Wallace',1951,'Thriller');
INSERT INTO BookEdition(ISBN,title,author,publicationDate,genre) VALUES('69733',NULL,'Sandra Saavedra',1969,'History');
INSERT INTO BookEdition(ISBN,title,author,publicationDate,genre) VALUES('76364',NULL,'Lisa Chee',1919,'Fantasy');
INSERT INTO BookEdition(ISBN,title,author,publicationDate,genre) VALUES('46695',NULL,'Thomas Knowles',1997,'Cooking');
INSERT INTO BookEdition(ISBN,title,author,publicationDate,genre) VALUES('22835',NULL,'Christina Jordan',1957,'History');
INSERT INTO BookEdition(ISBN,title,author,publicationDate,genre) VALUES('50407',NULL,'Patricia Pearson',1984,'Thriller');
INSERT INTO BookEdition(ISBN,title,author,publicationDate,genre) VALUES('14506',NULL,'Randall Howard',1949,'Fantasy');
INSERT INTO BookEdition(ISBN,title,author,publicationDate,genre) VALUES('11976',NULL,'Dorene Fisher',2004,'Thriller');
INSERT INTO BookEdition(ISBN,title,author,publicationDate,genre) VALUES('43591',NULL,'Kendra Burkhart',1984,'Horror');
INSERT INTO BookEdition(ISBN,title,author,publicationDate,genre) VALUES('71888',NULL,'Keith Westendorf',2002,'Fantasy');
INSERT INTO BookEdition(ISBN,title,author,publicationDate,genre) VALUES('14362',NULL,'Michele Stewart',1982,'Cooking');
INSERT INTO BookEdition(ISBN,title,author,publicationDate,genre) VALUES('27971',NULL,'Amanda Alejandre',1947,'Cooking');
INSERT INTO BookEdition(ISBN,title,author,publicationDate,genre) VALUES('48730',NULL,'Jennifer Padilla',1975,'Comedy');
INSERT INTO BookEdition(ISBN,title,author,publicationDate,genre) VALUES('87285',NULL,'Eduardo Bell',1907,'History');
INSERT INTO BookEdition(ISBN,title,author,publicationDate,genre) VALUES('29906',NULL,'Frances Paulus',1903,'Fantasy');
INSERT INTO BookEdition(ISBN,title,author,publicationDate,genre) VALUES('67258',NULL,'Ray Weslowski',1924,'Thriller');
INSERT INTO BookEdition(ISBN,title,author,publicationDate,genre) VALUES('12052',NULL,'Margaret Luke',1940,'Comedy');
INSERT INTO BookEdition(ISBN,title,author,publicationDate,genre) VALUES('74470',NULL,'Eric Nixon',1978,'History');
INSERT INTO BookEdition(ISBN,title,author,publicationDate,genre) VALUES('74920',NULL,'James Lunsford',1962,'Comedy');
INSERT INTO BookEdition(ISBN,title,author,publicationDate,genre) VALUES('90784',NULL,'Louise Stuart',2020,'Cooking');
INSERT INTO BookEdition(ISBN,title,author,publicationDate,genre) VALUES('84026',NULL,'Randy Slemmons',1955,'Horror');
INSERT INTO BookEdition(ISBN,title,author,publicationDate,genre) VALUES('38782',NULL,'Joan Archer',1939,'Non-Fiction');
INSERT INTO BookEdition(ISBN,title,author,publicationDate,genre) VALUES('18511',NULL,'Bettie Rosario',1998,'History');
INSERT INTO BookEdition(ISBN,title,author,publicationDate,genre) VALUES('70324',NULL,'Shawn Pettaway',1926,'Non-Fiction');
INSERT INTO BookEdition(ISBN,title,author,publicationDate,genre) VALUES('64367',NULL,'Patricia Alfred',1965,'Thriller');
INSERT INTO BookEdition(ISBN,title,author,publicationDate,genre) VALUES('22419',NULL,'Colleen Barton',1970,'Thriller');
INSERT INTO BookEdition(ISBN,title,author,publicationDate,genre) VALUES('78863',NULL,'Tanisha Hudson',1923,'Cooking');
INSERT INTO BookEdition(ISBN,title,author,publicationDate,genre) VALUES('75587',NULL,'James Moya',1975,'Comedy');
INSERT INTO BookEdition(ISBN,title,author,publicationDate,genre) VALUES('14908',NULL,'Joshua Bogan',2000,'Thriller');
INSERT INTO BookEdition(ISBN,title,author,publicationDate,genre) VALUES('23519',NULL,'Amanda Benefiel',2010,'Thriller');
INSERT INTO BookEdition(ISBN,title,author,publicationDate,genre) VALUES('96762',NULL,'Michael Russell',2020,'Cooking');
INSERT INTO BookEdition(ISBN,title,author,publicationDate,genre) VALUES('14623',NULL,'Lakeshia Colon',2014,'Comedy');
INSERT INTO BookEdition(ISBN,title,author,publicationDate,genre) VALUES('11048',NULL,'William Pentz',1913,'History');
INSERT INTO BookEdition(ISBN,title,author,publicationDate,genre) VALUES('40239',NULL,'Joyce Reber',1948,'Horror');
INSERT INTO BookEdition(ISBN,title,author,publicationDate,genre) VALUES('45818',NULL,'Kristin Torres',1958,'History');
INSERT INTO BookEdition(ISBN,title,author,publicationDate,genre) VALUES('90241',NULL,'Leon Krigbaum',1956,'Fantasy');
INSERT INTO BookEdition(ISBN,title,author,publicationDate,genre) VALUES('54663',NULL,'Gary Baird',1949,'Comedy');
INSERT INTO BookEdition(ISBN,title,author,publicationDate,genre) VALUES('97398',NULL,'Maria Bannerman',1900,'Fantasy');







INSERT INTO BookCopy(ISBN,copyNumber,daysLoaned) VALUES('67753',1,0);
INSERT INTO BookCopy(ISBN,copyNumber,daysLoaned) VALUES('90784',1,0);
INSERT INTO BookCopy(ISBN,copyNumber,daysLoaned) VALUES('75305',1,0);
INSERT INTO BookCopy(ISBN,copyNumber,daysLoaned) VALUES('17538',1,0);
INSERT INTO BookCopy(ISBN,copyNumber,daysLoaned) VALUES('65498',1,0);
INSERT INTO BookCopy(ISBN,copyNumber,daysLoaned) VALUES('74920',1,0);
INSERT INTO BookCopy(ISBN,copyNumber,daysLoaned) VALUES('98515',1,0);
INSERT INTO BookCopy(ISBN,copyNumber,daysLoaned) VALUES('23519',1,0);
INSERT INTO BookCopy(ISBN,copyNumber,daysLoaned) VALUES('75587',1,0);
INSERT INTO BookCopy(ISBN,copyNumber,daysLoaned) VALUES('97893',1,0);
INSERT INTO BookCopy(ISBN,copyNumber,daysLoaned) VALUES('84765',1,0);
INSERT INTO BookCopy(ISBN,copyNumber,daysLoaned) VALUES('65498',2,0);
INSERT INTO BookCopy(ISBN,copyNumber,daysLoaned) VALUES('29906',1,0);
INSERT INTO BookCopy(ISBN,copyNumber,daysLoaned) VALUES('99048',1,0);
INSERT INTO BookCopy(ISBN,copyNumber,daysLoaned) VALUES('14908',1,0);
INSERT INTO BookCopy(ISBN,copyNumber,daysLoaned) VALUES('78234',1,0);
INSERT INTO BookCopy(ISBN,copyNumber,daysLoaned) VALUES('67258',1,0);
INSERT INTO BookCopy(ISBN,copyNumber,daysLoaned) VALUES('19439',1,0);
INSERT INTO BookCopy(ISBN,copyNumber,daysLoaned) VALUES('69733',1,0);
INSERT INTO BookCopy(ISBN,copyNumber,daysLoaned) VALUES('11660',1,0);
INSERT INTO BookCopy(ISBN,copyNumber,daysLoaned) VALUES('67258',2,0);
INSERT INTO BookCopy(ISBN,copyNumber,daysLoaned) VALUES('90784',2,0);
INSERT INTO BookCopy(ISBN,copyNumber,daysLoaned) VALUES('24516',1,0);
INSERT INTO BookCopy(ISBN,copyNumber,daysLoaned) VALUES('19439',2,0);
INSERT INTO BookCopy(ISBN,copyNumber,daysLoaned) VALUES('84765',2,0);
INSERT INTO BookCopy(ISBN,copyNumber,daysLoaned) VALUES('67258',3,0);
INSERT INTO BookCopy(ISBN,copyNumber,daysLoaned) VALUES('43230',1,0);
INSERT INTO BookCopy(ISBN,copyNumber,daysLoaned) VALUES('90784',3,0);
INSERT INTO BookCopy(ISBN,copyNumber,daysLoaned) VALUES('34612',1,0);
INSERT INTO BookCopy(ISBN,copyNumber,daysLoaned) VALUES('11660',2,0);
INSERT INTO BookCopy(ISBN,copyNumber,daysLoaned) VALUES('15644',1,0);
INSERT INTO BookCopy(ISBN,copyNumber,daysLoaned) VALUES('50342',1,0);
INSERT INTO BookCopy(ISBN,copyNumber,daysLoaned) VALUES('53714',1,0);
INSERT INTO BookCopy(ISBN,copyNumber,daysLoaned) VALUES('14991',1,0);
INSERT INTO BookCopy(ISBN,copyNumber,daysLoaned) VALUES('50407',1,0);
INSERT INTO BookCopy(ISBN,copyNumber,daysLoaned) VALUES('90409',1,0);
INSERT INTO BookCopy(ISBN,copyNumber,daysLoaned) VALUES('90784',4,0);
INSERT INTO BookCopy(ISBN,copyNumber,daysLoaned) VALUES('41140',1,0);
INSERT INTO BookCopy(ISBN,copyNumber,daysLoaned) VALUES('15644',2,0);
INSERT INTO BookCopy(ISBN,copyNumber,daysLoaned) VALUES('56076',1,0);
INSERT INTO BookCopy(ISBN,copyNumber,daysLoaned) VALUES('75305',2,0);
INSERT INTO BookCopy(ISBN,copyNumber,daysLoaned) VALUES('34612',2,0);
INSERT INTO BookCopy(ISBN,copyNumber,daysLoaned) VALUES('80389',1,0);
INSERT INTO BookCopy(ISBN,copyNumber,daysLoaned) VALUES('20367',1,0);
INSERT INTO BookCopy(ISBN,copyNumber,daysLoaned) VALUES('56076',2,0);
INSERT INTO BookCopy(ISBN,copyNumber,daysLoaned) VALUES('19776',1,0);
INSERT INTO BookCopy(ISBN,copyNumber,daysLoaned) VALUES('97398',1,0);
INSERT INTO BookCopy(ISBN,copyNumber,daysLoaned) VALUES('75587',2,0);
INSERT INTO BookCopy(ISBN,copyNumber,daysLoaned) VALUES('40239',1,0);
INSERT INTO BookCopy(ISBN,copyNumber,daysLoaned) VALUES('46695',1,0);
INSERT INTO BookCopy(ISBN,copyNumber,daysLoaned) VALUES('41140',2,0);
INSERT INTO BookCopy(ISBN,copyNumber,daysLoaned) VALUES('97893',2,0);
INSERT INTO BookCopy(ISBN,copyNumber,daysLoaned) VALUES('43230',2,0);
INSERT INTO BookCopy(ISBN,copyNumber,daysLoaned) VALUES('25458',1,0);
INSERT INTO BookCopy(ISBN,copyNumber,daysLoaned) VALUES('38139',1,0);
INSERT INTO BookCopy(ISBN,copyNumber,daysLoaned) VALUES('24516',2,0);
INSERT INTO BookCopy(ISBN,copyNumber,daysLoaned) VALUES('54663',1,0);
INSERT INTO BookCopy(ISBN,copyNumber,daysLoaned) VALUES('22835',1,0);
INSERT INTO BookCopy(ISBN,copyNumber,daysLoaned) VALUES('64367',1,0);
INSERT INTO BookCopy(ISBN,copyNumber,daysLoaned) VALUES('15644',3,0);
INSERT INTO BookCopy(ISBN,copyNumber,daysLoaned) VALUES('23519',2,0);
INSERT INTO BookCopy(ISBN,copyNumber,daysLoaned) VALUES('37187',1,0);
INSERT INTO BookCopy(ISBN,copyNumber,daysLoaned) VALUES('67753',2,0);
INSERT INTO BookCopy(ISBN,copyNumber,daysLoaned) VALUES('37118',1,0);
INSERT INTO BookCopy(ISBN,copyNumber,daysLoaned) VALUES('78234',2,0);
INSERT INTO BookCopy(ISBN,copyNumber,daysLoaned) VALUES('75305',3,0);
INSERT INTO BookCopy(ISBN,copyNumber,daysLoaned) VALUES('76364',1,0);
INSERT INTO BookCopy(ISBN,copyNumber,daysLoaned) VALUES('42745',1,0);
INSERT INTO BookCopy(ISBN,copyNumber,daysLoaned) VALUES('57444',1,0);
INSERT INTO BookCopy(ISBN,copyNumber,daysLoaned) VALUES('22945',1,0);
INSERT INTO BookCopy(ISBN,copyNumber,daysLoaned) VALUES('75305',4,0);
INSERT INTO BookCopy(ISBN,copyNumber,daysLoaned) VALUES('64824',1,0);
INSERT INTO BookCopy(ISBN,copyNumber,daysLoaned) VALUES('38139',2,0);
INSERT INTO BookCopy(ISBN,copyNumber,daysLoaned) VALUES('43900',1,0);
INSERT INTO BookCopy(ISBN,copyNumber,daysLoaned) VALUES('67258',4,0);
INSERT INTO BookCopy(ISBN,copyNumber,daysLoaned) VALUES('98515',2,0);
INSERT INTO BookCopy(ISBN,copyNumber,daysLoaned) VALUES('89698',1,0);
INSERT INTO BookCopy(ISBN,copyNumber,daysLoaned) VALUES('56076',3,0);
INSERT INTO BookCopy(ISBN,copyNumber,daysLoaned) VALUES('57444',2,0);
INSERT INTO BookCopy(ISBN,copyNumber,daysLoaned) VALUES('89698',2,0);
INSERT INTO BookCopy(ISBN,copyNumber,daysLoaned) VALUES('70324',1,0);
INSERT INTO BookCopy(ISBN,copyNumber,daysLoaned) VALUES('80389',2,0);
INSERT INTO BookCopy(ISBN,copyNumber,daysLoaned) VALUES('14908',2,0);
INSERT INTO BookCopy(ISBN,copyNumber,daysLoaned) VALUES('12052',1,0);
INSERT INTO BookCopy(ISBN,copyNumber,daysLoaned) VALUES('23519',3,0);
INSERT INTO BookCopy(ISBN,copyNumber,daysLoaned) VALUES('45818',1,0);
INSERT INTO BookCopy(ISBN,copyNumber,daysLoaned) VALUES('33330',1,0);
INSERT INTO BookCopy(ISBN,copyNumber,daysLoaned) VALUES('57633',1,0);
INSERT INTO BookCopy(ISBN,copyNumber,daysLoaned) VALUES('17538',2,0);
INSERT INTO BookCopy(ISBN,copyNumber,daysLoaned) VALUES('57633',2,0);
INSERT INTO BookCopy(ISBN,copyNumber,daysLoaned) VALUES('14623',1,0);
INSERT INTO BookCopy(ISBN,copyNumber,daysLoaned) VALUES('87285',1,0);
INSERT INTO BookCopy(ISBN,copyNumber,daysLoaned) VALUES('28985',1,0);
INSERT INTO BookCopy(ISBN,copyNumber,daysLoaned) VALUES('28040',1,0);
INSERT INTO BookCopy(ISBN,copyNumber,daysLoaned) VALUES('90409',2,0);
INSERT INTO BookCopy(ISBN,copyNumber,daysLoaned) VALUES('14908',3,0);
INSERT INTO BookCopy(ISBN,copyNumber,daysLoaned) VALUES('45818',2,0);
INSERT INTO BookCopy(ISBN,copyNumber,daysLoaned) VALUES('48730',1,0);
INSERT INTO BookCopy(ISBN,copyNumber,daysLoaned) VALUES('67258',5,0);
INSERT INTO BookCopy(ISBN,copyNumber,daysLoaned) VALUES('28916',1,0);
INSERT INTO BookCopy(ISBN,copyNumber,daysLoaned) VALUES('89698',3,0);
INSERT INTO BookCopy(ISBN,copyNumber,daysLoaned) VALUES('28181',1,0);
INSERT INTO BookCopy(ISBN,copyNumber,daysLoaned) VALUES('67753',3,0);
INSERT INTO BookCopy(ISBN,copyNumber,daysLoaned) VALUES('12052',2,0);
INSERT INTO BookCopy(ISBN,copyNumber,daysLoaned) VALUES('19439',3,0);
INSERT INTO BookCopy(ISBN,copyNumber,daysLoaned) VALUES('11048',1,0);
INSERT INTO BookCopy(ISBN,copyNumber,daysLoaned) VALUES('54663',2,0);
INSERT INTO BookCopy(ISBN,copyNumber,daysLoaned) VALUES('85573',1,0);
INSERT INTO BookCopy(ISBN,copyNumber,daysLoaned) VALUES('28181',2,0);
INSERT INTO BookCopy(ISBN,copyNumber,daysLoaned) VALUES('74920',2,0);
INSERT INTO BookCopy(ISBN,copyNumber,daysLoaned) VALUES('57444',3,0);
INSERT INTO BookCopy(ISBN,copyNumber,daysLoaned) VALUES('24516',3,0);
INSERT INTO BookCopy(ISBN,copyNumber,daysLoaned) VALUES('25458',2,0);
INSERT INTO BookCopy(ISBN,copyNumber,daysLoaned) VALUES('55866',1,0);
INSERT INTO BookCopy(ISBN,copyNumber,daysLoaned) VALUES('17459',1,0);
INSERT INTO BookCopy(ISBN,copyNumber,daysLoaned) VALUES('42745',2,0);
INSERT INTO BookCopy(ISBN,copyNumber,daysLoaned) VALUES('80389',3,0);
INSERT INTO BookCopy(ISBN,copyNumber,daysLoaned) VALUES('90409',3,0);
INSERT INTO BookCopy(ISBN,copyNumber,daysLoaned) VALUES('97398',2,0);
INSERT INTO BookCopy(ISBN,copyNumber,daysLoaned) VALUES('75587',3,0);
INSERT INTO BookCopy(ISBN,copyNumber,daysLoaned) VALUES('14362',1,0);
INSERT INTO BookCopy(ISBN,copyNumber,daysLoaned) VALUES('14623',2,0);
INSERT INTO BookCopy(ISBN,copyNumber,daysLoaned) VALUES('85573',2,0);
INSERT INTO BookCopy(ISBN,copyNumber,daysLoaned) VALUES('11048',2,0);
INSERT INTO BookCopy(ISBN,copyNumber,daysLoaned) VALUES('17459',2,0);
INSERT INTO BookCopy(ISBN,copyNumber,daysLoaned) VALUES('12052',3,0);
INSERT INTO BookCopy(ISBN,copyNumber,daysLoaned) VALUES('50342',2,0);
INSERT INTO BookCopy(ISBN,copyNumber,daysLoaned) VALUES('28985',2,0);
INSERT INTO BookCopy(ISBN,copyNumber,daysLoaned) VALUES('14991',2,0);
INSERT INTO BookCopy(ISBN,copyNumber,daysLoaned) VALUES('49720',1,0);
INSERT INTO BookCopy(ISBN,copyNumber,daysLoaned) VALUES('84026',1,0);
INSERT INTO BookCopy(ISBN,copyNumber,daysLoaned) VALUES('38139',3,0);
INSERT INTO BookCopy(ISBN,copyNumber,daysLoaned) VALUES('96762',1,0);
INSERT INTO BookCopy(ISBN,copyNumber,daysLoaned) VALUES('28916',2,0);
INSERT INTO BookCopy(ISBN,copyNumber,daysLoaned) VALUES('84765',3,0);
INSERT INTO BookCopy(ISBN,copyNumber,daysLoaned) VALUES('43900',2,0);
INSERT INTO BookCopy(ISBN,copyNumber,daysLoaned) VALUES('89698',4,0);
INSERT INTO BookCopy(ISBN,copyNumber,daysLoaned) VALUES('28181',3,0);
INSERT INTO BookCopy(ISBN,copyNumber,daysLoaned) VALUES('19776',2,0);
INSERT INTO BookCopy(ISBN,copyNumber,daysLoaned) VALUES('17459',3,0);
INSERT INTO BookCopy(ISBN,copyNumber,daysLoaned) VALUES('98515',3,0);
INSERT INTO BookCopy(ISBN,copyNumber,daysLoaned) VALUES('61469',1,0);
INSERT INTO BookCopy(ISBN,copyNumber,daysLoaned) VALUES('38782',1,0);
INSERT INTO BookCopy(ISBN,copyNumber,daysLoaned) VALUES('80389',4,0);
INSERT INTO BookCopy(ISBN,copyNumber,daysLoaned) VALUES('50342',3,0);
INSERT INTO BookCopy(ISBN,copyNumber,daysLoaned) VALUES('12052',4,0);
INSERT INTO BookCopy(ISBN,copyNumber,daysLoaned) VALUES('84026',2,0);
INSERT INTO BookCopy(ISBN,copyNumber,daysLoaned) VALUES('49720',2,0);
INSERT INTO BookCopy(ISBN,copyNumber,daysLoaned) VALUES('90409',4,0);
INSERT INTO BookCopy(ISBN,copyNumber,daysLoaned) VALUES('43900',3,0);
INSERT INTO BookCopy(ISBN,copyNumber,daysLoaned) VALUES('90715',1,0);
INSERT INTO BookCopy(ISBN,copyNumber,daysLoaned) VALUES('56076',4,0);
INSERT INTO BookCopy(ISBN,copyNumber,daysLoaned) VALUES('18047',1,0);
INSERT INTO BookCopy(ISBN,copyNumber,daysLoaned) VALUES('38139',4,0);
INSERT INTO BookCopy(ISBN,copyNumber,daysLoaned) VALUES('12052',5,0);
INSERT INTO BookCopy(ISBN,copyNumber,daysLoaned) VALUES('75305',5,0);
INSERT INTO BookCopy(ISBN,copyNumber,daysLoaned) VALUES('28181',4,0);
INSERT INTO BookCopy(ISBN,copyNumber,daysLoaned) VALUES('27971',1,0);
INSERT INTO BookCopy(ISBN,copyNumber,daysLoaned) VALUES('14506',1,0);
INSERT INTO BookCopy(ISBN,copyNumber,daysLoaned) VALUES('22419',1,0);
INSERT INTO BookCopy(ISBN,copyNumber,daysLoaned) VALUES('38139',5,0);
INSERT INTO BookCopy(ISBN,copyNumber,daysLoaned) VALUES('56076',5,0);
INSERT INTO BookCopy(ISBN,copyNumber,daysLoaned) VALUES('38139',6,0);
INSERT INTO BookCopy(ISBN,copyNumber,daysLoaned) VALUES('96700',1,0);
INSERT INTO BookCopy(ISBN,copyNumber,daysLoaned) VALUES('28985',3,0);
INSERT INTO BookCopy(ISBN,copyNumber,daysLoaned) VALUES('70324',2,0);
INSERT INTO BookCopy(ISBN,copyNumber,daysLoaned) VALUES('56076',6,0);
INSERT INTO BookCopy(ISBN,copyNumber,daysLoaned) VALUES('28916',3,0);
INSERT INTO BookCopy(ISBN,copyNumber,daysLoaned) VALUES('90715',2,0);
INSERT INTO BookCopy(ISBN,copyNumber,daysLoaned) VALUES('34612',3,0);
INSERT INTO BookCopy(ISBN,copyNumber,daysLoaned) VALUES('37187',2,0);
INSERT INTO BookCopy(ISBN,copyNumber,daysLoaned) VALUES('22835',2,0);
INSERT INTO BookCopy(ISBN,copyNumber,daysLoaned) VALUES('17459',4,0);
INSERT INTO BookCopy(ISBN,copyNumber,daysLoaned) VALUES('12973',1,0);
INSERT INTO BookCopy(ISBN,copyNumber,daysLoaned) VALUES('95727',1,0);
INSERT INTO BookCopy(ISBN,copyNumber,daysLoaned) VALUES('50342',4,0);
INSERT INTO BookCopy(ISBN,copyNumber,daysLoaned) VALUES('18047',2,0);
INSERT INTO BookCopy(ISBN,copyNumber,daysLoaned) VALUES('67753',4,0);
INSERT INTO BookCopy(ISBN,copyNumber,daysLoaned) VALUES('74920',3,0);
INSERT INTO BookCopy(ISBN,copyNumber,daysLoaned) VALUES('64367',2,0);
INSERT INTO BookCopy(ISBN,copyNumber,daysLoaned) VALUES('80389',5,0);
INSERT INTO BookCopy(ISBN,copyNumber,daysLoaned) VALUES('87285',2,0);
INSERT INTO BookCopy(ISBN,copyNumber,daysLoaned) VALUES('69410',1,0);
INSERT INTO BookCopy(ISBN,copyNumber,daysLoaned) VALUES('14908',4,0);
INSERT INTO BookCopy(ISBN,copyNumber,daysLoaned) VALUES('67753',5,0);
INSERT INTO BookCopy(ISBN,copyNumber,daysLoaned) VALUES('69410',2,0);
INSERT INTO BookCopy(ISBN,copyNumber,daysLoaned) VALUES('69733',2,0);
INSERT INTO BookCopy(ISBN,copyNumber,daysLoaned) VALUES('74920',4,0);
INSERT INTO BookCopy(ISBN,copyNumber,daysLoaned) VALUES('18511',1,0);
INSERT INTO BookCopy(ISBN,copyNumber,daysLoaned) VALUES('43591',1,0);
INSERT INTO BookCopy(ISBN,copyNumber,daysLoaned) VALUES('46695',2,0);
INSERT INTO BookCopy(ISBN,copyNumber,daysLoaned) VALUES('96762',2,0);
INSERT INTO BookCopy(ISBN,copyNumber,daysLoaned) VALUES('74470',1,0);
INSERT INTO BookCopy(ISBN,copyNumber,daysLoaned) VALUES('19776',3,0);
INSERT INTO BookCopy(ISBN,copyNumber,daysLoaned) VALUES('38139',7,0);
INSERT INTO BookCopy(ISBN,copyNumber,daysLoaned) VALUES('78863',1,0);
INSERT INTO BookCopy(ISBN,copyNumber,daysLoaned) VALUES('22945',2,0);
INSERT INTO BookCopy(ISBN,copyNumber,daysLoaned) VALUES('14623',3,0);
INSERT INTO BookCopy(ISBN,copyNumber,daysLoaned) VALUES('64367',3,0);
INSERT INTO BookCopy(ISBN,copyNumber,daysLoaned) VALUES('18511',2,0);

INSERT INTO Client(clientId,name,residence) VALUES(1,'Martha King','Rockingham');
INSERT INTO Client(clientId,name,residence) VALUES(2,'Timothy James','Como');
INSERT INTO Client(clientId,name,residence) VALUES(3,'Andres Hogan','Fremantle');
INSERT INTO Client(clientId,name,residence) VALUES(4,'Jane Kirby','Maylands');
INSERT INTO Client(clientId,name,residence) VALUES(5,'Johnathan Dahlen','Como');
INSERT INTO Client(clientId,name,residence) VALUES(6,'Jessica Howell','Maylands');
INSERT INTO Client(clientId,name,residence) VALUES(7,'Betty Srinivasan','Maylands');
INSERT INTO Client(clientId,name,residence) VALUES(8,'Gladys Connor','Fremantle');
INSERT INTO Client(clientId,name,residence) VALUES(9,'Betty Salgado','Maylands');
INSERT INTO Client(clientId,name,residence) VALUES(10,'Guadalupe Gardner','Joondalup');
INSERT INTO Client(clientId,name,residence) VALUES(11,'Stephen Winters','Joondalup');
INSERT INTO Client(clientId,name,residence) VALUES(12,'John Earle','Joondalup');
INSERT INTO Client(clientId,name,residence) VALUES(13,'Crystal Payton','Joondalup');
INSERT INTO Client(clientId,name,residence) VALUES(14,'Robert Turner','Fremantle');
INSERT INTO Client(clientId,name,residence) VALUES(15,'Warren Mitchell','Kingsley');
INSERT INTO Client(clientId,name,residence) VALUES(16,'Clarice Graham','Como');
INSERT INTO Client(clientId,name,residence) VALUES(17,'Lori Bowden','Subiaco');
INSERT INTO Client(clientId,name,residence) VALUES(18,'Doris Hall','Kingsley');
INSERT INTO Client(clientId,name,residence) VALUES(19,'Alejandro Garcia','Fremantle');
INSERT INTO Client(clientId,name,residence) VALUES(20,'Mary Sullivan','Joondalup');
INSERT INTO Client(clientId,name,residence) VALUES(21,'Katherine Rusnak','Como');
INSERT INTO Client(clientId,name,residence) VALUES(22,'Donna Papadopoulos','Subiaco');
INSERT INTO Client(clientId,name,residence) VALUES(23,'Vincent Harvey','Maylands');
INSERT INTO Client(clientId,name,residence) VALUES(24,'Dennis Grenier','Fremantle');
INSERT INTO Client(clientId,name,residence) VALUES(25,'Shamika Mirabella','Rockingham');
INSERT INTO Client(clientId,name,residence) VALUES(26,'Margie Mowery','Rockingham');
INSERT INTO Client(clientId,name,residence) VALUES(27,'Louis Lewis','Como');
INSERT INTO Client(clientId,name,residence) VALUES(28,'Grace West','Como');
INSERT INTO Client(clientId,name,residence) VALUES(29,'Scott Goshay','Joondalup');
INSERT INTO Client(clientId,name,residence) VALUES(30,'Steven Pitt','Maylands');
INSERT INTO Client(clientId,name,residence) VALUES(31,'Jacob Reese','Kingsley');
INSERT INTO Client(clientId,name,residence) VALUES(32,'Vivian Smith','Kingsley');
INSERT INTO Client(clientId,name,residence) VALUES(33,'Marva Jones','Rockingham');
INSERT INTO Client(clientId,name,residence) VALUES(34,'Juan Richards','Fremantle');
INSERT INTO Client(clientId,name,residence) VALUES(35,'Howard Fortenberry','Como');
INSERT INTO Client(clientId,name,residence) VALUES(36,'Thomas Massengale','Fremantle');
INSERT INTO Client(clientId,name,residence) VALUES(37,'Lois Sims','Subiaco');
INSERT INTO Client(clientId,name,residence) VALUES(38,'Charles Rose','Subiaco');
INSERT INTO Client(clientId,name,residence) VALUES(39,'Thomas Taylor','Midland');
INSERT INTO Client(clientId,name,residence) VALUES(40,'Howard Post','Kingsley');
INSERT INTO Client(clientId,name,residence) VALUES(41,'Carol Hartman','Como');
INSERT INTO Client(clientId,name,residence) VALUES(42,'Kathleen Dunkelberger','Maylands');
INSERT INTO Client(clientId,name,residence) VALUES(43,'Robert Blethen','Rockingham');
INSERT INTO Client(clientId,name,residence) VALUES(44,'Branden Jones','Midland');
INSERT INTO Client(clientId,name,residence) VALUES(45,'Joseph Clay','Como');
INSERT INTO Client(clientId,name,residence) VALUES(46,'Myrtle Yates','Fremantle');
INSERT INTO Client(clientId,name,residence) VALUES(47,'Mary Lacy','Rockingham');
INSERT INTO Client(clientId,name,residence) VALUES(48,'Elsa Harris','Rockingham');
INSERT INTO Client(clientId,name,residence) VALUES(49,'Matthew Leffler','Joondalup');
INSERT INTO Client(clientId,name,residence) VALUES(50,'Marcus Ammons','Rockingham');
INSERT INTO Client(clientId,name,residence) VALUES(51,'Classie Chacon','Como');
INSERT INTO Client(clientId,name,residence) VALUES(52,'Kirk Levenhagen','Midland');
INSERT INTO Client(clientId,name,residence) VALUES(53,'Doyle Guidry','Joondalup');
INSERT INTO Client(clientId,name,residence) VALUES(54,'Isabel Scanlon','Rockingham');
INSERT INTO Client(clientId,name,residence) VALUES(55,'Floyd Albertson','Rockingham');
INSERT INTO Client(clientId,name,residence) VALUES(56,'Jonathan Luster','Midland');
INSERT INTO Client(clientId,name,residence) VALUES(57,'Brenda Brown','Maylands');
INSERT INTO Client(clientId,name,residence) VALUES(58,'Stephen Samuels','Fremantle');
INSERT INTO Client(clientId,name,residence) VALUES(59,'Joseph Pujol','Subiaco');
INSERT INTO Client(clientId,name,residence) VALUES(60,'Thomas Jones','Joondalup');

INSERT INTO loan(clientId,ISBN,copyNumber,dateOut,dateBack) VALUES(21,'84026',1,'2021-11-02','2021-11-15');
INSERT INTO loan(clientId,ISBN,copyNumber,dateOut,dateBack) VALUES(32,'15644',2,'2020-10-09','2020-10-17');
INSERT INTO loan(clientId,ISBN,copyNumber,dateOut,dateBack) VALUES(5,'42745',2,'2015-12-21','2016-01-05');
INSERT INTO loan(clientId,ISBN,copyNumber,dateOut,dateBack) VALUES(18,'17459',4,'2015-07-05','2015-07-17');
INSERT INTO loan(clientId,ISBN,copyNumber,dateOut,dateBack) VALUES(1,'38139',4,'2020-12-05','2020-12-12');
INSERT INTO loan(clientId,ISBN,copyNumber,dateOut,dateBack) VALUES(28,'37187',2,'2018-03-02','2018-03-20');
INSERT INTO loan(clientId,ISBN,copyNumber,dateOut,dateBack) VALUES(37,'18047',1,'2022-03-13',NULL);
INSERT INTO loan(clientId,ISBN,copyNumber,dateOut,dateBack) VALUES(27,'24516',1,'2017-08-12','2017-08-23');
INSERT INTO loan(clientId,ISBN,copyNumber,dateOut,dateBack) VALUES(30,'43900',2,'2016-04-07',NULL);

